Code,Product,Expanded description,Ingredients,Allergens,Storage,Suggested uses,Why we stock it,Source URL
1010,Short grain brown rice,"A nutty wholegrain rice with short, plump grains that cook to a soft, slightly sticky texture.",Short grain brown rice.,No declarable allergens in the ingredients. Check the pack for current precautionary statements.,"Store in a cool, dry place.","Use for rice bowls, risotto-style dishes, stuffed vegetables and rice pudding.",A versatile wholegrain staple with a satisfying texture.,https://www.infinityfoodswholesale.coop/essentials/grains/organic-brown-rice-short-grain-italy-infinity-foods-6x500g
1045,Bulghur,"Parboiled, dried and cracked wheat with a light, nutty flavour and a pleasantly firm texture.",Organic bulghur wheat.,Contains WHEAT and GLUTEN.,"Store in a cool, dry place.","Soak or simmer for tabbouleh, grain salads, pilafs and stuffing.","Quick to prepare and useful for filling, affordable meals.",https://www.infinityfoodswholesale.coop/essentials/grains
1060,Wholemeal Couscous,"Whole durum wheat couscous with a deeper, nuttier flavour and more bite than white couscous.",Organic whole durum WHEAT semolina.,Contains WHEAT and GLUTEN.,"Store in a cool, dry place.","Cover with hot stock or water, then fluff for salads, tagines and quick side dishes.",A fast-cooking wholegrain base for everyday meals.,https://www.infinityfoodswholesale.coop/food-cupboard/pasta/organic-wholemeal-couscous-italy-infinity-foods-6x450g
1125,British White Quinoa Grain - gluten-free,"A mild, fluffy quinoa grown on British farms and naturally free from gluten-containing ingredients.",Organic white quinoa.,No declarable allergens in the ingredients. Check the pack for current certification and precautionary statements.,"Store in a cool, dry place.","Rinse well, then simmer for salads, bowls, soups or as an alternative to rice.",A British-grown grain alternative with a light texture.,https://www.infinityfoodswholesale.coop/essentials/grains/organic-british-white-quinoa-grain-gluten-free-infinity-foods-6x450g
5025,Dried Chickpeas,"Firm, nutty dried chickpeas that become creamy when soaked and cooked.",Organic chickpeas.,No declarable allergens in the ingredients. Check the pack for current precautionary statements.,"Store in a cool, dry place.","Soak overnight and cook for hummus, curries, stews, salads and roasting.","An economical, adaptable source of plant protein.",https://www.infinityfoodswholesale.coop/essentials/beans-and-pulses-dried/organic-chickpeas-italy-infinity-foods-6x500g
5110,Red Split Lentils,"Quick-cooking lentils that break down to a soft, creamy texture without soaking.",Organic red split lentils; organic sunflower oil (1%) used as a processing aid.,No declarable allergens in the ingredients. Check the pack for current precautionary statements.,"Store in a cool, dry place.","Rinse and simmer for dhal, soups, curries and sauces.","A fast, affordable base for nourishing meals.",https://www.infinityfoodswholesale.coop/essentials/beans-and-pulses-dried/organic-red-split-lentils-infinity-foods-6x1kg
5130,Yellow Split Peas,"Mild yellow split peas that cook down to a thick, creamy texture.",Organic yellow split peas; organic sunflower oil (approximately 1.2%).,No declarable allergens in the ingredients. Check the pack for current precautionary statements.,"Store in a cool, dry place.","Rinse and simmer for soups, dhal, purees and pease pudding.","A traditional, filling pulse that needs no soaking.",https://www.infinityfoodswholesale.coop/essentials/beans-and-pulses-dried/organic-yellow-split-peas-infinity-foods-6x500g
6020,Almonds,"Raw, unroasted and unsalted almonds with a clean, naturally sweet flavour.",Organic ALMONDS.,Contains ALMONDS (TREE NUTS).,Store cool and dry; refrigerate after opening for longer freshness.,"Eat as a snack or use in baking, granola, salads, nut milk and nut butter.",A useful whole nut for both cooking and snacking.,https://www.infinityfoodswholesale.coop/essentials/nuts-and-seeds/organic-almonds-infinity-foods-6x250g
6057,Hulled Hemp Seed,"Soft, delicately nutty hemp hearts that are easy to sprinkle or blend into food.",Organic hulled hemp seeds.,No declarable allergens in the ingredients. Check the pack for current precautionary statements.,"Keep sealed in a cool, dry place; refrigerate after opening for best freshness.","Sprinkle over porridge and salads or blend into smoothies, sauces and dressings.",An easy way to add texture and plant protein without dominating a dish.,https://www.infinityfoodswholesale.coop/essentials/nuts-and-seeds/organic-hulled-hemp-seeds-infinity-foods-6x250g
6121,Pumpkin Seeds,"Large, dark green Austrian pumpkin seeds with a rich, distinctive nutty flavour.",Organic Austrian pumpkin seeds.,No declarable allergens in the ingredients. Check the pack for current precautionary statements.,"Store sealed in a cool, dry place.","Eat raw or toasted; add to bread, granola, salads, soups and pesto.",Their fuller flavour makes a small amount go a long way.,https://www.infinityfoodswholesale.coop/essentials/nuts-and-seeds/organic-austrian-pumpkin-seeds-infinity-foods-6x250g
6130,Sunflower Seed - kernels,"Mild, de-hulled sunflower kernels ready to eat or cook with.",Organic sunflower seed kernels.,No declarable allergens in the ingredients. Check the pack for current precautionary statements.,"Store sealed in a cool, dry place.","Toast for salads, add to porridge and granola, or use in bread and seed spreads.","A low-cost, versatile seed for everyday use.",https://www.infinityfoodswholesale.coop/essentials/nuts-and-seeds/organic-sunflower-seed-kernels-infinity-foods-6x250g
6150,Walnut Light Pieces,"Convenient walnut pieces with a rich, buttery flavour and tender crunch.",Organic WALNUTS.,Contains WALNUTS (TREE NUTS).,"Keep sealed in a cool, dry place; refrigerate after opening for longer freshness.","Use in cakes, bread, granola, porridge, salads and savoury stuffing.",Pieces provide the same flavour as whole walnuts with less preparation.,https://www.infinityfoodswholesale.coop/essentials/nuts-and-seeds/organic-walnut-light-pieces-infinity-foods-25kg
7040,Dates – pitted,"Soft, chewy Deglet Nour dates with a caramel-like sweetness and the stones already removed.",Organic Deglet Nour dates.,No declarable allergens in the ingredients. Check the pack for current precautionary statements.,"Store in a cool, dry place and keep sealed after opening.","Snack as they are or blend into baking, energy bites, sauces and smoothies.",A convenient whole-fruit sweetener with no preparation needed.,https://www.infinityfoodswholesale.coop/essentials/fruit-dried/organic-dates-pitted-infinity-foods-6x500g
7100,Raisins,"Sun-dried raisins with concentrated sweetness, lightly dressed with sunflower oil to prevent clumping.",Organic raisins; organic sunflower oil (approximately 0.3%).,No declarable allergens in the ingredients. Check the pack for current precautionary statements.,"Store in a cool, dry place and reseal after opening.","Add to porridge, baking, couscous, salads or trail mix.","A simple, naturally sweet cupboard staple.",https://www.infinityfoodswholesale.coop/essentials/fruit-dried/organic-raisins-infinity-foods-6x500g
20660,Jumbo Oats - bags,"Whole oats rolled into large, thick flakes for a heartier, more textured porridge.",Organic jumbo OATS.,Contains OATS and GLUTEN.,"Store in a cool, dry place.","Use for porridge, overnight oats, granola, flapjacks and crumble toppings.",Their substantial texture works well across breakfast and baking.,https://www.infinityfoodswholesale.coop/essentials/cereals-and-mueslis/organic-jumbo-oats-bags-pimhill-12x850g
40540,Wholemeal Strong Bread Flour,"Strong wholemeal wheat flour milled for well-risen, full-flavoured bread.",Organic wholemeal WHEAT flour.,Contains WHEAT and GLUTEN.,"Store in a cool, dry place.","Use for wholemeal loaves, rolls, pizza dough and mixed-flour sourdough.",A dependable British-milled flour for everyday bread making.,https://www.infinityfoodswholesale.coop/essentials/flours-and-baking-sundries
40545,Plain white flour,Finely milled soft wheat flour for general baking and cooking.,Organic white WHEAT flour with statutory fortification where applicable.,Contains WHEAT and GLUTEN.,"Store in a cool, dry place.","Use for cakes, biscuits, pastry, pancakes, sauces and general cooking.","A core, versatile baking ingredient at an accessible price.",https://www.infinityfoodswholesale.coop/essentials/flours-and-baking-sundries/organic-plain-white-flour-doves-farm-25kg
40560,Strong White Bread Flour,High-protein white wheat flour formulated to develop gluten and give bread a reliable rise.,Organic WHEAT flour with statutory fortification and ascorbic acid (vitamin C).,Contains WHEAT and GLUTEN.,"Store in a cool, dry place.","Use for yeasted loaves, rolls, pizza bases and sourdough.",A consistent bread flour suitable for both hand and machine baking.,https://www.infinityfoodswholesale.coop/essentials/flours-and-baking-sundries/organic-strong-white-bread-flour-with-vitamin-c-doves-farm-16kg
80876,Carlin Peas,"Traditional British carlin peas, also known as black badger peas, with a firm texture and earthy flavour.",Organic carlin peas.,No declarable allergens in the ingredients. Check the pack for current precautionary statements.,"Store in a cool, dry place.","Soak and cook for stews, salads, curries or traditional parched peas.",A distinctive British pulse that supports a more diverse home-grown food system.,https://www.infinityfoodswholesale.coop/price-lists/ms-excel-csv
80895,Whole Fava Beans,"Large dried British fava beans with a robust, earthy flavour.",Whole dried fava beans.,May contain naturally occurring vicine and convicine; people with favism should avoid fava beans. Check the pack for allergen advice.,"Store in a cool, dry place.","Soak and cook for ful, soups, stews, dips and bean salads.",A protein-rich British-grown pulse suited to many cuisines.,https://www.infinityfoodswholesale.coop/price-lists/ms-excel-csv
152563,Wholewheat Spaghetti - in paper,"Wholewheat durum wheat spaghetti with a firm bite, packed in paper.",Organic whole durum WHEAT semolina; water.,Contains WHEAT and GLUTEN.,"Store in a cool, dry place.","Boil until al dente and serve with tomato sauces, vegetables or olive oil.",A familiar wholegrain staple with reduced plastic packaging.,https://www.infinityfoodswholesale.coop/food-cupboard/pasta
152565,Wholewheat Fusilli - in paper,"Wholewheat spiral pasta that holds chunky sauces and dressings well, packed in paper.",Organic whole durum WHEAT semolina; water.,Contains WHEAT and GLUTEN.,"Store in a cool, dry place.","Use with pesto, vegetable sauces, bakes and pasta salads.",The shape is adaptable and the paper pack reduces plastic.,https://www.infinityfoodswholesale.coop/food-cupboard/pasta
152566,Wholewheat Penne - in paper,"Wholewheat tube pasta with ridges that catch sauces, packed in paper.",Organic whole durum WHEAT semolina; water.,Contains WHEAT and GLUTEN.,"Store in a cool, dry place.","Use with tomato or creamy sauces, pasta bakes and salads.",A dependable wholegrain pasta in lower-plastic packaging.,https://www.infinityfoodswholesale.coop/food-cupboard/pasta
200509,Rapeseed Oil – Cold Pressed,"Cold-pressed organic rapeseed oil with a mild, slightly nutty flavour.",Organic rapeseed oil.,No declarable allergens in the ingredients.,Store away from heat and direct light.,"Use for dressings, baking and general cooking according to the pack guidance.",A versatile oil with a relatively neutral flavour.,https://www.infinityfoodswholesale.coop/food-cupboard/oils-and-fats/organic-rapeseed-oil-clearspring-6x1l
200516,Tunisian Olive Oil - Extra Virgin,"Extra virgin olive oil made from Tunisian olives, with a fruity flavour suited to everyday use.",Extra virgin olive oil.,No declarable allergens in the ingredients.,"Store in a cool, dark place. The oil may cloud at low temperatures without affecting quality.","Use for dressings, dipping, finishing and moderate-temperature cooking.",A good-value organic olive oil from an established olive-growing region.,https://www.infinityfoodswholesale.coop/food-cupboard/oils-and-fats
250280,Crunchy Peanut Butter - jumbo,Peanut butter made with pieces of roasted peanut for a pronounced crunch.,PEANUTS; check the jar for any added salt or formulation changes.,Contains PEANUTS.,"Store in a cool, dry place. Stir if natural oil separation occurs.","Spread on toast or use in porridge, sauces, baking and dressings.",A large-format staple with no need for unnecessary sweeteners.,https://www.infinityfoodswholesale.coop/food-cupboard/nut-and-seed-butters
250282,Smooth Peanut Butter - jumbo,Smoothly ground roasted peanut butter with a creamy texture.,PEANUTS; check the jar for any added salt or formulation changes.,Contains PEANUTS.,"Store in a cool, dry place. Stir if natural oil separation occurs.","Spread on toast or use in porridge, sauces, baking and smoothies.",A useful high-protein staple in an economical larger jar.,https://www.infinityfoodswholesale.coop/food-cupboard/nut-and-seed-butters
370516,Cyder Vinegar,Apple cider vinegar with a bright acidity for cooking and dressings.,Cider vinegar.,Contains SULPHITES only if declared on the current bottle; check the label.,Store in a cool place away from direct sunlight.,"Use in salad dressings, chutneys, marinades and pickling.",A versatile vinegar made from apples rather than imported wine grapes.,https://www.infinityfoodswholesale.coop/food-cupboard/vinegars
390105,Tomatoes Chopped,"Organic chopped tomatoes in tomato juice, ready to add directly to cooking.",Chopped tomatoes; tomato juice. Check the tin for any acidity regulator.,No declarable allergens in the typical recipe; check the tin before use.,"Store unopened in a cool, dry place. Refrigerate in a non-metallic container after opening and use promptly.","Use for pasta sauces, curries, soups, stews and casseroles.",A foundational cupboard ingredient that makes scratch cooking easier.,https://www.infinityfoodswholesale.coop/food-cupboard/tomato-products
390115,Passata,"Smooth sieved tomatoes with no pieces, suitable as a ready base for sauces.",Tomatoes. Check the bottle for any added salt or acidity regulator.,No declarable allergens in the typical recipe; check the bottle before use.,Refrigerate after opening and use within the period stated on the bottle.,"Use for pizza, pasta sauces, soups and tomato-based stews.","A simple, quick base for meals without added texture.",https://www.infinityfoodswholesale.coop/food-cupboard/tomato-products
390179,Tomatoes Chopped- 4 Pack,A multipack of organic chopped tomatoes in tomato juice for regular cooking.,Chopped tomatoes; tomato juice. Check the tin for any acidity regulator.,No declarable allergens in the typical recipe; check the tins before use.,"Store unopened in a cool, dry place. Refrigerate leftovers in a non-metallic container.","Use for sauces, curries, soups, stews and casseroles.",A practical multipack of one of the most-used cupboard staples.,https://www.infinityfoodswholesale.coop/food-cupboard/tomato-products
390736,Coconut Milk,Coconut milk for adding richness and a gentle coconut flavour to savoury and sweet dishes.,Coconut extract and water; check the tin for stabilisers or thickeners.,Check the tin for current allergen and additive information.,"Store unopened in a cool, dry place. Refrigerate after opening and use promptly.","Use in curries, soups, sauces, rice dishes, baking and desserts.",A useful dairy-free cooking ingredient with broad culinary uses.,https://www.infinityfoodswholesale.coop/food-cupboard/world-foods
441207,Carlin Peas,"Ready-cooked carlin peas with an earthy flavour and firm, satisfying texture.",Carlin peas; water; check the jar or tin for salt.,No declarable allergens in the typical recipe; check the pack before use.,"Store unopened in a cool, dry place. Refrigerate after opening and use promptly.","Drain and add to salads, stews, curries or warm grain bowls.",A convenient way to eat a distinctive British-grown pulse.,https://www.infinityfoodswholesale.coop/food-cupboard/beans-and-pulses-canned-and-jarred
441215,Fava Beans (broad beans),Ready-cooked fava beans with a creamy interior and earthy flavour.,Fava beans; water; check the jar or tin for salt.,People with favism should avoid fava beans. Check the pack for current allergen advice.,"Store unopened in a cool, dry place. Refrigerate after opening and use promptly.","Use in ful, salads, soups, stews or mash with lemon and herbs.",A convenient British pulse that broadens the range beyond standard beans.,https://www.infinityfoodswholesale.coop/food-cupboard/beans-and-pulses-canned-and-jarred
444490,Baked Beans,"Beans cooked in a seasoned tomato sauce for a quick, familiar meal.","Beans, tomatoes and seasoning; check the tin for the full current recipe.",Check the tin carefully for current allergen information.,"Store unopened in a cool, dry place. Refrigerate leftovers in a non-metallic container.",Heat and serve on toast or with baked potatoes and simple meals.,An affordable convenience food with useful cupboard life.,https://www.infinityfoodswholesale.coop/food-cupboard/beans-and-pulses-canned-and-jarred
444596,Black Beans,"Ready-cooked black beans with a firm texture and mild, earthy flavour.",Black beans; water; check the tin for salt.,No declarable allergens in the typical recipe; check the tin before use.,"Store unopened in a cool, dry place. Refrigerate after opening and use promptly.","Add to chilli, tacos, soups, salads and rice dishes.",A convenient protein-rich bean suited to quick meals.,https://www.infinityfoodswholesale.coop/food-cupboard/beans-and-pulses-canned-and-jarred
445505,Red Kidney Beans,Ready-cooked kidney beans with a firm texture that holds well in robust dishes.,Red kidney beans; water; check the tin for salt.,No declarable allergens in the typical recipe; check the tin before use.,"Store unopened in a cool, dry place. Refrigerate after opening and use promptly.","Add to chilli, curries, salads, soups and bean stews.","A familiar, economical protein source for batch cooking.",https://www.infinityfoodswholesale.coop/food-cupboard/beans-and-pulses-canned-and-jarred
445510,Chickpeas,Ready-cooked chickpeas with a firm exterior and creamy centre.,Chickpeas; water; check the tin for salt.,No declarable allergens in the typical recipe; check the tin before use.,"Store unopened in a cool, dry place. Refrigerate after opening and use promptly.","Use for hummus, curries, salads, stews or roasting.",A highly versatile pulse with no soaking or advance cooking required.,https://www.infinityfoodswholesale.coop/food-cupboard/beans-and-pulses-canned-and-jarred
580329,Fairtrade Everyday Tea Bags,A straightforward Fairtrade black tea blend intended for everyday brewing.,Black tea.,No declarable allergens in the ingredients.,Keep dry and away from strong odours.,Brew with freshly boiled water and serve to taste.,An affordable Fairtrade option for a frequently purchased staple.,https://www.infinityfoodswholesale.coop/food-cupboard/teas
601306,Rich Americano R&G Coffee - 4,A rich roast-and-ground coffee blended for a full-bodied Americano-style cup.,Roasted ground coffee.,No declarable allergens in the ingredients.,"Keep airtight in a cool, dry place; use promptly after opening.","Brew in a cafetière, filter machine or other method suitable for the grind.",Locally roasted coffee keeps more value within the regional food economy.,https://www.infinityfoodswholesale.coop/food-cupboard/coffee-and-coffee-substitutes
723550,Barista Oat Milk,Oat drink formulated to steam and foam more reliably for coffee.,"Water, oats and vegetable oil with added minerals or stabilisers; check the carton for the current recipe.",Contains OATS and may contain GLUTEN unless the carton states otherwise.,Store as directed. Refrigerate after opening and use within the stated period.,"Use in coffee, tea, porridge, cereal, sauces and baking. Shake well before use.",A practical plant-based milk designed for the coffee trailer and home use.,https://www.infinityfoodswholesale.coop/food-cupboard/milk-non-dairy
793015,Mushroom Stock Cubes,"Savoury stock cubes with mushroom flavour for adding depth to soups, sauces and grains.","Check the box for the full current recipe, including salt, vegetable fats, yeast extract and mushroom ingredients.","Check the box carefully for CELERY, GLUTEN and other declared allergens.","Store in a cool, dry place.","Dissolve in hot water or crumble into soups, sauces, risotto and stews.",A compact way to add savoury depth to plant-based cooking.,https://www.infinityfoodswholesale.coop/food-cupboard/gravy-stock-and-bouillion
793065,Vegetable Stock Cubes,"General-purpose vegetable stock cubes for soups, sauces, grains and stews.","Check the box for the full current recipe, including salt, vegetables, herbs and vegetable fats.","Check the box carefully for CELERY, GLUTEN and other declared allergens.","Store in a cool, dry place.",Dissolve in hot water or crumble directly into cooking.,A low-cost cupboard basic that supports cooking from scratch.,https://www.infinityfoodswholesale.coop/food-cupboard/gravy-stock-and-bouillion
859193,"Natural Deodorant (Green Fusion, paper tube)","A creamy natural deodorant with green tea, citrus and warm spice notes, supplied in a recyclable paper tube.","Shea butter, sodium bicarbonate, maize starch, cocoa butter, hydrogenated rapeseed oil, plant wax, fragrance, sunflower oil and vitamin E. See the pack for the complete INCI list.","Contains fragrance allergens including citral, coumarin, limonene and linalool.",Keep cool and dry.,"Push gently from the base and apply a thin layer to clean, dry underarms.",A plastic-free personal-care option in a practical paper format.,https://www.infinityfoodswholesale.coop/household-and-non-food/body-care/green-fusion-deodorant-paper-tube-ben-and-anna-1x40g
831400,Dishwasher Tablets,"Pre-dosed dishwasher tablets in a water-soluble film, suitable for septic tanks.","Contains oxygen-based bleaching agents, non-ionic surfactants, enzymes, perfume and d-limonene. See pack for full formulation.",Contains enzymes and fragrance ingredients. Keep away from children and follow all hazard instructions on the pack.,"Store dry, sealed and away from children. Handle with dry hands.",Place one tablet in the detergent dispenser without removing the dissolvable film.,A convenient lower-waste dishwasher option with no individual plastic wrapper to remove.,https://www.infinityfoodswholesale.coop/household-and-non-food/household-cleaning-products/dishwasher-tablets-25-ecoleaf-6x25tab
859162,Soap (Hemp/vit. E),"A glycerine soap with hemp oil and vitamin E for a gentle, moisturising wash.","Glycerine, water, cleansing agents, hemp essential oil and vitamin E. See the pack for the complete INCI list.",Contains wheat-germ-derived vitamin E and surfactants; check the pack for sensitivities.,Keep dry between uses to extend the life of the bar.,Lather onto damp skin and rinse.,A simple unpackaged or minimally packaged alternative to liquid soap.,https://www.infinityfoodswholesale.coop/household-and-non-food/body-care/hemp-oil-and-vitamin-e-glycerine-soap-alter-native-by-suma-12x90g
854307,Shampoo bar (fragrance free),A fragrance-free solid shampoo bar made without palm oil or plastic packaging.,Check the wrap for the full current INCI list.,"Fragrance free, but check the pack for individual ingredient sensitivities. Avoid contact with eyes.",Allow the bar to dry between uses.,"Rub between wet hands or directly over wet hair, work into a lather and rinse thoroughly.","A compact, plastic-free hair-care option suited to people avoiding added fragrance.",https://www.infinityfoodswholesale.coop/price-lists/new-products-and-offers
861506,Toothpaste (Mint with fluoride),Mint toothpaste containing fluoride for everyday cavity protection.,Check the tube for the full current ingredients and fluoride concentration.,Follow the age and use guidance on the tube. Do not swallow.,Keep capped and store at room temperature.,Brush twice daily using the amount advised for the user’s age.,A familiar fluoride toothpaste in the core household range.,https://www.infinityfoodswholesale.coop/household-and-non-food/tooth-care
